OLM key,with Secondary Modifier,with Material tag,with Custom Tag,MROLM Group,MROLM Subgroup,MROLM local key,Layer label (Maple Ridge name),Maple Ridge stream,Vancouver audit category,Your notes,include on map,reason,low occurance group,OLM data needs fixes
alcohol/bottle,,,,Household,Liquor,Liquor Bottle,,,,used for liquor whole bottles,yes,,no,
alcohol/bottle_cap,,,,Household,Liquor,Liquor Bottle Cap,Metal Crown / Bottle Cap,recyclable_materials,Bottle Caps,used for liguor bottle caps metal,yes,,yes,
alcohol/broken_glass,,,,Household,Liquor,Liquor Broken Glass,Broken Liquor Glass / Shards,recyclable_materials,Glass,"used for liquor drink bottle broken glass; see other/other custom'broken glass', softdrinks/broken-glass.",yes,,no,
alcohol/can,,,,Household,Liquor,Liquor Can,Beer / Alcohol Can,recyclable_materials,Beverage Containers > Beer Cans,used for liquor drink cans aluminum,yes,,no,
alcohol/other,,,,Household,Liquor,Liquor Debris,Miscellaneous Alcohol Debris,garbage_waste_material,Other Miscellaneous,"this has been used inconsistently by myself and was meant to capture THC cannabis vapes, would have a custom tag THC. propose changing to go under smoking-vapes-customtag'THC' ",yes,,no,OLM reclass on existing key data to smoking/vape
alcohol/packaging,,,,,,alcohol/packaging,Cannabis / Alcohol Outer Packaging,garbage_waste_material,Other Miscellaneous,"not used; this has been used inconsistently by myself and was meant to capture THC cannabis packaging, would have a custom tag THC. propose changing to go under smoking-packaging-customtag'THC' ",no,not being used; packaging can be classed elsewhere,no,"OLM reclass on all, liquor boxes to food/box, all other whole piece go to food/packaging, pieces are classed on thier own based on suspected broad material group metal/plastic/paper/other"
civic/bags_litter,,,,,,civic/bags_litter,Public Works Waste Bag,garbage_waste_material,Other Miscellaneous,not used,no,Not a significant data point,no,
civic/blocked_drain,,,,,,civic/blocked_drain,,,,not used,no,out of scope,no,
civic/other,,,,,,civic/other,Civic Signage / Municipal Fixture,garbage_waste_material,Other Miscellaneous,"not used; civic/other was used to tag a sign of the city's needing to be attached again so it was 'not picked up' ""litter"" and uploaded but I could have omitted it and just reported it to the city.  it doesn't really serve the project to have these types of data points included.  i will not be uploaded civic business anymore to OLM even if it is unsightly, its not part of a trash litter waste problem and scope of this project.",no,Not a significant data point,no,
coffee/cup,,,,Convenient Food Drink,Drink,Poly-lined Hot Beverage Cup,Poly-lined Hot Beverage Cup,garbage_waste_material,Cups > Paper Cups (hot),"used to capture all hot drink take out cups, cold coffee drinks are classed under softdrink/cup",yes,,no,
coffee/lid,,,,Convenient Food Drink,Drink,Hot Beverage Cup Lid,Hot Beverage Cup Lid,garbage_waste_material,"Cups > Cup Lids, Pieces",used to capture the accompanying plastic lid that goes with take out hot drink cups,yes,,no,
coffee/pod,,,,Convenient Food Drink,Drink,Single-Serve Coffee Pod,Single-Serve Coffee Pod,garbage_waste_material,Other Miscellaneous > Misc. Plastic,used for household coffee pods these can be plastic or foil,yes,,no,
coffee/sleeve,,,,Convenient Food Drink,Drink,Corrugated Cardboard Cup Sleeve,Corrugated Cardboard Cup Sleeve,recyclable_materials,Cup Sleeves,used to capture carboard sleeve accompanying take out hot drink cups; legacy photos likely have these in photos untagged,yes,,no,OLM review of OKM key coffee/cup and softdrink/cup and tag any untagged sleeves
coffee/straw,,,,,,coffee/straw,,,,not used.   i'm capturing all straws related to take-out drinks under key softdrinks/straw and household plastic straws under food/straw material:plastic. coffee straws for cold drinks are like their cups indistinguishable from take out cold ones.  plastic stir sticks are banned.,no,redundant and confusing,no,
dumping/dumping,,,,Dumping,,UNCLASS,,,,"used for illegal dumping instances and abondonded household garbage.  Size measured by the item's longest dimension. Small = can carry away by hand, <30cm (e.g. a ladle, a spoon). Medium = can't carry away but smaller than a fridge or couch, 30–90cm (e.g. a printer, a folded box). Large = bigger than a full garbage bag, >90cm (e.g. an ironing board, a couch cushion).  I just realized, if the OLM app forces a secondary modifier as they would here i would choose [small] [medium] or [large] so do we need to create a row for each primary key and thier secondary modifiers because those become different objects that may need to be handled differently.",yes,,no,OLM reclass so that all photos are tagged with secondary modifiers and not left to default
dumping/dumping,small,,,Dumping,,Sml,Unlawful Illegal Dump Event,illegal_dumping,Other Miscellaneous,"used for illegal dumping instances and abondonded household garbage.  Size measured by the item's longest dimension. Small = can carry away by hand, <30cm (e.g. a ladle, a spoon). Medium = can't carry away but smaller than a fridge or couch, 30–90cm (e.g. a printer, a folded box). Large = bigger than a full garbage bag, >90cm (e.g. an ironing board, a couch cushion).  I just realized, if the OLM app forces a secondary modifier as they would here i would choose [small] [medium] or [large] so do we need to create a row for each primary key and thier secondary modifiers because those become different objects that may need to be handled differently.",yes,,no,
dumping/dumping,medium,,,Dumping,,Med,Unlawful Illegal Dump Event,illegal_dumping,Other Miscellaneous,"used for illegal dumping instances and abondonded household garbage.  Size measured by the item's longest dimension. Small = can carry away by hand, <30cm (e.g. a ladle, a spoon). Medium = can't carry away but smaller than a fridge or couch, 30–90cm (e.g. a printer, a folded box). Large = bigger than a full garbage bag, >90cm (e.g. an ironing board, a couch cushion).  I just realized, if the OLM app forces a secondary modifier as they would here i would choose [small] [medium] or [large] so do we need to create a row for each primary key and thier secondary modifiers because those become different objects that may need to be handled differently.",yes,,no,
dumping/dumping,large,,,Dumping,,Lrg,Unlawful Illegal Dump Event,illegal_dumping,Other Miscellaneous,"used for illegal dumping instances and abondonded household garbage.  Size measured by the item's longest dimension. Small = can carry away by hand, <30cm (e.g. a ladle, a spoon). Medium = can't carry away but smaller than a fridge or couch, 30–90cm (e.g. a printer, a folded box). Large = bigger than a full garbage bag, >90cm (e.g. an ironing board, a couch cushion).  I just realized, if the OLM app forces a secondary modifier as they would here i would choose [small] [medium] or [large] so do we need to create a row for each primary key and thier secondary modifiers because those become different objects that may need to be handled differently.",yes,,no,
dumping/other,,,,Dumping,,Commercial Dumping,Unlawful Dump Load / Waste Pile,illegal_dumping,Other Miscellaneous,used to capture obvious commercial dumping,yes,,no,
electronics/battery,,,,Household,,Batteries,Household / E-Waste Battery,recyclable_materials,Other Miscellaneous > Batteries,used for household batteries; I have been including size class 'AA' 'AAA' in custom field not going to be using though nor continuing this practice,yes,,no,
food/bag,,,,Household,,Plastic (#4) or Paper Food Bag,Plastic (#4) or Paper Food Bag,garbage_waste_material / recyclable_materials,Bags,used for paper or plastic food bags from grocery store products; take-out bags see food/packagin,yes,,no,OLM tag review of legacy entries move take-out bags to food/packaging
food/box,,,,Household,,Corrugated Cardboard Box,,,,used to capture any corrugated cardboard box for food or household; added and verified from OLM key options,yes,,no,
food/can,,,,Household,,Household Food Can,Metal Food Can / Tin,recyclable_materials,Other Containers > Cans/Containers-Steel,used for food tin or metal cans; unlikely to find but possible,yes,,no,
food/container,,,,Household,,"Food Container - Plastic, Paper, Foam","Rigid Plastic (#1,#2,#4,#5) vs Foam (#6) Container",recyclable_materials / garbage_waste_material,Other Packaging (Boxes),"used for household containers; source grocery, snack or from recycling spillover; take-out containers go under food/packaging",yes,,no,OLM tag review of legacy entries move take-out containers to food/packaging
food/crisp_packet,,,,Convenient Food Drink,Snack,Metalized Chip Bags,Metallized Film Snack Bag,garbage_waste_material,Confectionary/Snack > Snack Food Packaging,"used for metalized plastic food bags usuall for the food called 'chips' totilla chips, doritos, lays, etc",yes,,no,
food/cutlery,,,,Convenient Food Drink,Take-out,Cutlery,Plastic Utensils / Cutlery,garbage_waste_material,Take Out Extras > Utensils,used for take-out utensils only; household cutterly should not go here.,yes,,no,
food/gum,,,,Convenient Food Drink,Snack,Chewed Gum,Residual Waste Material (Masticated Gum),garbage_waste_material,Chewing Gum (stuck on pavement),used for chewed gum;  i won't be needing to report on stuck on pavement gum and the new name is close.  ,yes,,no,
food/lid,,,,Household,,Food Container Lid,Container / Cup Lid,garbage_waste_material,"Cups > Cup Lids, Pieces","used for accompaning lids from food containers examples: folgers tin plastic lid, take-out lids go with food/packaging; I think both local stream categories are incorrect as CUPS lid because that should go under OLM key softdrink/lid or coffee/lid whereas food/lid are lids from from food containers.",yes,,no,
food/napkins,,,,Convenient Food Drink,Take-out,Napkins,Soiled Paper / Non-Recyclable Fiber,garbage_waste_material,Paper/Fibre Material > Non-Brand Towels/Napkins,"used for identifiable napkins, if i can't ID as such it goes under OLM key other/paper.",yes,,no,
food/other,,,,Household,,Organic Debris,Food Waste / Organic Debris,garbage_waste_material,Other Miscellaneous > Food,used for organic food debris,yes,,yes,
food/packaging,,,,Convenient Food Drink,Take-out,Food Packaging,Generic Food Packaging,garbage_waste_material,Other Miscellaneous Packaging,"used for take-out food packaging fries container, burger wrapper, bags",yes,,no,OLM tag review of legacy entries
food/packet,,,,Convenient Food Drink,Take-out,Condiment Packets,Condiment / Sauce Packet,garbage_waste_material,Confectionary/Snack > Snack Food Packaging,used for take out or household condiments only.  any other food packet like a baby food sigle use packet is food/packaging.  ,yes,,no,
food/straw,,,,Household,,Plastic Straws,Plastic Straw / Food Service Accessory,garbage_waste_material,Take Out Extras > Straws,used for household straws or other plastic staws; takeout straws go under OLM key softdrink/straw and these should be paper.,yes,,no,
food/tinfoil,,,,Household,,Household Tinfoil,Aluminum Foil Debris,recyclable_materials,Other Miscellaneous Packaging > Foil Materials/Foil Pieces,used for household foil pieces,yes,,yes,
food/wrapper,,,,Convenient Food Drink,Snack,Foil / Plastic Film Snack Wrapper,Foil / Plastic Film Snack Wrapper,garbage_waste_material,Food Wraps/Containers,"used for confectionary, snack plastic, foil, waxed paper wrapper; used inconsistently prior to september 23, 2026.  conflated with food/packaging.  significant reclass of legacy needed.",yes,,no,OLM tag review of legacy entries; retag food/packaging items
industrial/construction,,,,,,industrial/construction,,,,not used,no,redundant see industrial/other,no,
industrial/other,,,,Industrial,,Industrial Debris,Building / Industrial Waste,construction_demolition,Other Construction/Demolition Debris,"used for commercial industrial pieces screws, nails, heavy plastic, pipe piece, broken abandonded tool, wood piece, wire, bolts, tags",yes,there is enough of this small litter to be significant,no,OLM tag review of legacy entries in OLM key other/metal and other/plastic and other/other industrial/pipe
industrial/pipe,,,,,,industrial/pipe,PVC / Metal Pipe Segment,construction_demolition,Other Construction/Demolition Debris,"for pipe pieces found, if small picked up if not tagged as 'not picked up'",no,i'm using industrial/other as a catchall for industrial debris except tape,no,OLM legacy objects need reclassing
industrial/tape,,,,Industrial,,Flagging Tape,Packaging / Caution Tape,garbage_waste_material,Other Construction/Demolition Debris,"used for boundary, flagging, surveyors tape pvc/plastic",yes,,no,OLM legacy objects need reclassing
marine/microplastics,,,,,,marine/microplastics,,,,not used,no,out of scope,no,
marine/polystyrene_fragment,,,,Piece,,Styrofoam Piece,Expanded Polystyrene (EPS) Foam Fragment,garbage_waste_material,Other Polystyrene Debris,used to capture polystyrene fragments only; this may have been used inconsistenty or conflated with key marine/styrofoam,yes,,no,
marine/styrofoam,,,,Piece,,Styrofoam Whole,Styrofoam Packaging Block,garbage_waste_material,Other Polystyrene Debris,this key should be used for full blocks of styrofoam not fragments,yes,,no,OLM tag review
medical/bandage,,,,Household,,Medical Bandages,Adhesive Bandage / Medical Dressing,special_waste,Other Miscellaneous,"used for household bandaids, bandage-like first aid litter",yes,,no,
medical/gloves,,,,Household,,Latex / Nitrile Glove,Latex / Nitrile Glove,special_waste,Medical Waste > Disposable Gloves,"used for laytex nitrile gloves, field note: there is a rising trend of finding these because they are used by smokers to cover up the smell and stain of smoking on your hands",yes,,no,
other/bags_litter,,,,,,other/bags_litter,Bagged Refuse / Unspecified Bag,garbage_waste_material,Other Miscellaneous,not used by me and can't think of any use for this,no,redundant and confusing,no,
other/balloon,,,,Household,,Party Litter,Latex / Foil Balloon,garbage_waste_material,Other Miscellaneous,"used to capture waste associated with party supply waste, confetti, balloons, hats, paper decor, signs, gift wrapping, and will use custom grouping for observed abandoned party trash using naming convention PAR[date:YYYYMMDD][alpha group starting with 'A'] ex PAR20260922A is used as a custom tag for all litter objects associated",yes,,no,
other/clothing,,,,Household,,Abandoned Textile Apparel,Discarded Textiles / Apparel,garbage_waste_material,Cloth > Clothing or Clothing Pieces,"used for discarded clothing and accessories like hair ties, sweat bands, shoelaces, shoes.  i wouln't put a watch or earings here, it's mainly for textiles worn.",yes,,no,
other/metal,,,,Piece,,Household or Unknown Metal Piece,Scrap Metal / Road Debris,garbage_waste_material,Other Miscellaneous,"used for household metal or hardware that cannot be distinguished as industrial, unidentifiable metal objects",yes,,no,OLM tag review to parse out industrial debris objects
other/other,,,,Household,,Household misc,,,,used for household that cannot be classed anywhere else duct tape piece that can't be distinguished as industrial would go here,yes,,no,OLM legacy objects need reclassing
other/other,,Wood,,Piece,,Wood Debris,,,,"used to track wood debris that can't be distinguished as industrial, may come as 'picked up' or 'not picked up'",yes,,no,OLM tag review to parse out industrial debris objects
other/other,,,broken glass,Piece,,Broken Glass Piece,,,,used to track single piece broken glass,yes,,no,OLM tag review
other/paper,,,,Piece,,Paper Piece,Unclassified Paper / Cardboard,recyclable_materials,Paper/Fibre Material,"used for any paper piece and cardboard piece that doesn't fit into other OLM key such as food/wrapper or food/bag or napkin or tissue, it could be a whole piece of paper like a post it, but when aged and wet it can't be defined so it's other/paper.  ",yes,,no,OLM tag review parse out [Party Litter] objects
other/plastic,,,,Piece,,Plastic Piece,Rigid Plastic Fragment,garbage_waste_material,Other Miscellaneous > Misc. Plastic,"used for any plastic piece fragment or in some cases whole, that does not fit with any other key.  includes soft, clear, rigid, hard plastic fragments but not polystyrene.",yes,,no,OLM tag review to parse out industrial debris AND other/ballon[Party Litter] objects 
other/plastic_bag,,,,Household,,Household Plastic Bag,Plastic Shopping Bag (#4 Film),recyclable_materials,Bags > Plastic Bags Non-Packaging,"used for any plastic bag that cannot be IDd elsewhere such as a garbage bag, soil bag, household bag; shopping bags are no longer plastic.",yes,,no,OLM tag review
other/poster,,,,,,other/poster,Paper Poster / Boulevard Sign,garbage_waste_material,Paper/Fibre Material > Printed Material,not used as the rules on where these can be placed and when they are considered abondoned are complex.  Also these have names usually and we'd be implicated them as doing something they might not be doing.,no,Not a significant data point,no,
pets/dogshit,,,,Fecal,,Pet Waste Unbagged,Animal Excrement (Unbagged),pet_waste,Other Miscellaneous > Pet Waste (loose),used to capture loose dog fecal droppings; these are a big problem locally ,yes,,no,
pets/dogshit_in_bag,,,,Fecal,,Pet Waste Bagged,Animal Excrement (Bagged) / Abandoned Bag,pet_waste,Other Miscellaneous > Pet Waste (bagged),used to capture bagged dog feces; these are a big problem locally,yes,,no,
pets/other,,,,Household,,Pet Supplies,Miscellaneous Pet Supplies,garbage_waste_material,Other Miscellaneous,"used to capture pet toys, pet related waste like dog food cans, bags, pet periphenelia",yes,Not a significant data point,yes,
sanitary/dental_floss,,,,Household,,Dental Waste,Dental Floss / Synthetic Thread,garbage_waste_material,Other Material,"used to capture single use flossers, and dental floss packaging or pieces, toothbrushes",yes,,no,
sanitary/ear_swabs,,,,Household,,Cotton Swabs,Cotton Swab / Plastic Applicator,garbage_waste_material,Other Material,"used to capture ear swabs, qtips",yes,,yes,
sanitary/sanitary_pad,,,,Household,,Personal Hygiene Product,Personal Hygiene Product,garbage_waste_material,Other Miscellaneous,not used yet,yes,Not a significant data point,yes,
sanitary/tissue,,,,Household,,Hygiene Paper,Facial Tissue / Hygiene Paper,garbage_waste_material,Paper/Fibre Material > Non-Brand Towels/Napkins,"used to capture dry tissues, toilet paper they can be IDd when dry, but when wet or aged they cannot; rarely used most go to other/paper",yes,,no,
sanitary/wipes,,,,Household,,Wet Wipes,Synthetic Sanitary / Disinfecting Wipe,garbage_waste_material,Medical Waste > Disinfecting Wipes,used to capture textile woven wipes they are called wet-wipes here and they are found in volume and easy to ID because of the mesh wove and the fact that they don't disintegrate when wet or aged.,yes,,no,
smoking/box,,,,,,smoking/box,Cigarette Pack / Paperboard Packaging,garbage_waste_material,Tobacco Products > Tobacco other,not used; i want to capture these under smoking/packaging,no,Not a significant data point,no,
smoking/butts,,,,Smoking,,Cigarette Butts,Tobacco / Smoking Waste / Residual Waste,garbage_waste_material,Cigarette Butts/Debris,used to capture butts and broken cigarette pieces or other nicotine smoking products like cigarillos; In OLM app you can only tag a max of 10 per one photo. these are usually found in a cluster which sometimes has to be spread between two photos.  the two photos will be in the same collection spot.,yes,,no,
smoking/lighters,,,,Smoking,,Butane Lighter,Butane Lighter / Miscellaneous Debris,garbage_waste_material,Other Material,used for pieces or whole,yes,,no,
smoking/packaging,,,,Smoking,,Nicotine Packaging,Cigarette Cellophane / Foil Packaging,garbage_waste_material,Tobacco Products > Tobacco other,"used for all nicotine product packaging including cigarette, cigar, vape foil, wrapper, box",yes,,no,
smoking/packaging,,,THC,Smoking,,Cannabis Packaging,,,,"used for all cannabis product packaging includig vape, flower, edibles, except drinks",yes,,no,
smoking/vape,,,,Smoking,,Nicotine Vape,E-Cigarette / Battery-containing Device,special_waste,Vapes,"used for nicotine vape disposables, carts, piece fragments, battery",yes,,no,
smoking/vape,,,THC,Smoking,,Cannabis Vape,,,,"used for cannabis vape disposables, carts, piece fragments, battery",yes,,no,
softdrinks/bottle,,,,Convenient Food Drink,Drink,Plastic or Glass Drink Bottle,Plastic / Glass Beverage Bottle,recyclable_materials,Beverage Containers > Soft Drink (plastic),used for plastic or glass drink containers,yes,,no,
softdrinks/bottle_cap,,,,Convenient Food Drink,Drink,Drink Bottle Cap,Plastic Bottle Cap,recyclable_materials,Bottle Caps,used to track piece of bottle which is the cap could be plastic or metal,yes,Not a significant data point,yes,
softdrinks/broken_glass,,,,Convenient Food Drink,Drink,Drink Broken Glass,Broken Glass / Container Shards,recyclable_materials,Glass,used to track drink bottle broken glass,yes,,no,
softdrinks/can,,,,Convenient Food Drink,Drink,Aluminum Drink Cans,Aluminum Beverage Can,recyclable_materials,Beverage Containers > Soft Drink (cans),used for aluminum drink cans non-alcohol,yes,,no,
softdrinks/carton,,,,Convenient Food Drink,Drink,Drink Carton,Milk / Polycoat Beverage Carton,recyclable_materials,Other Packaging (Boxes) > Paper Beverage Cases/Sleeves,haven't used this yet; used for tetra large carton beverage containers,yes,Not a significant data point,yes,
softdrinks/cup,,,,Convenient Food Drink,Drink,Cold Beverage Cup,Disposable Drink Cup,garbage_waste_material,Cups > Plastic Drink Cups,used for cold beverage cups can be coated paper or plastic; see coffee/cup hot drink cups,yes,,no,
softdrinks/juice_pouch,,,,Convenient Food Drink,Drink,Drink Box Pouch,,,,"used to capture tetra-pack drink boxes, juice boxes, capri style drink pouches",yes,,no,
softdrinks/lid,,,,Convenient Food Drink,Drink,Cold Beverage Lid,Beverage Cup Lid,garbage_waste_material,"Cups > Cup Lids, Pieces",used for lids plastic for take out drink cups,yes,,no,
softdrinks/packaging,,,,Convenient Food Drink,Drink,Household or Take-out Drink Packaging,,,,used for packaging related to household and convenience drink products non-liquor,yes,,no,
softdrinks/pull_ring,,,,Convenient Food Drink,Drink,Pull-tabs,,,,used for aluminum can pull-tabs or other drink tabs,yes,,no,
softdrinks/straw,,,,Convenient Food Drink,Drink,Paper Drink Straws,Plastic Straw / Food Service Accessory,garbage_waste_material,Take Out Extras > Straws,used for straws paper that are for take out drinks hot and cold; regionaly take out and hospitality straws have to be paper [source?],yes,,no,
softdrinks/straw_wrapper,,,,Convenient Food Drink,Drink,Drink Straw Wrapper,Straw Sleeve (Paper / Plastic),garbage_waste_material,Paper/Fibre Material,used for straw wrappers paper that are for take out drink straws hot and cold,yes,,no,
vehicles/bicycle,,,,,,vehicles/bicycle,,,,not used,no,out of scope,no,
vehicles/car_part,,,,Piece,,Motor Vehicle Part Piece,Automotive Part / Vehicle Scrap,special_waste,Other Miscellaneous > Vehicle & Metal Road Debris,"used for detached car parts that appear to be abandoned or part of accident or damage incident aftermath; can be broken glass, kit pieces, anything from a motorized vehicle.  material not used as i cannot verify materials in the field.",yes,,no,
vehicles/other,,,,Piece,,Motor Vehicle Spill,Miscellaneous Auto Debris,special_waste,Other Miscellaneous > Vehicle & Metal Road Debris,"not used yet but I would put anything else from the vehicle here like oil spill, fluid spill, gas spill",yes,,no,
